Champion_Name,Primary_Role,Primary_Location,Health,Mana,Health_Regen,Mana_Regen,Attack_Damage,Armor,Magic_Resistance,Attack_Speed,Movement_Speed,Range
Aatrox,Fighter,Top,650,0,3,0,60,38,32,65,345,175
Ahri,Mage,Mid,570,418,2,8,53,18,30,66,330,550
Aurelion Sol,Mage,Mid,645,350,7,8,57,19,30,62,325,550
Rell,Tank,Support,610,350,7,3,55,32,32,55,335,175
Renata Glasc,Support,Support,545,350,5,5,49,27,30,62,330,550
Renekton,Fighter,Top,660,100,8,0,69,35,32,66,345,125
Rengar,Assassin,Jungle,620,4,7,0,68,34,32,66,345,125
Riven,Fighter,Top,630,0,8,0,64,33,32,62,340,125
Rumble,Fighter,Top,659,100,8,0,61,36,28,64,345,125
Ryze,Mage,Mid,645,300,8,1,58,22,36,62,340,550
Samira,Marksman,bottom,600,348,3,7,57,26,30,66,335,500
Sejuani,Tank,Support,630,400,8,7,66,34,32,69,340,150
Senna,Marksman,Support,530,350,3,4,50,28,30,62,330,600
Azir,Mage,Mid,622,480,7,8,52,19,30,62,335,525
Seraphine,Mage,Support,570,440,6,1,55,19,30,67,325,525
Sett,Fighter,Top,670,0,7,0,60,33,32,69,340,125
Shaco,Assassin,Jungle,630,297,8,4,63,30,32,64,345,125
Shen,Tank,Top,610,400,8,0,60,34,32,75,340,125
Shyvana,Fighter,Jungle,665,100,8,0,66,38,32,65,350,125
Singed,Tank,Top,650,330,9,5,63,34,32,61,345,125
Sion,Tank,Top,615,330,7,6,68,32,32,67,345,175
Sivir,Marksman,bottom,600,340,3,8,58,26,30,62,335,500
Skarner,Tank,Jungle,650,320,9,4,65,38,32,62,335,125
Sona,Support,Support,550,340,5,4,49,26,30,64,325,550
Bard,Support,Support,630,350,5,4,52,34,30,62,330,500
Soraka,Support,Support,605,425,2,4,50,32,30,62,325,550
Swain,Mage,Mid,595,468,7,8,58,26,30,62,330,525
Sylas,Mage,Mid,575,310,9,8,61,27,32,62,340,175
Syndra,Mage,Mid,593,480,6,8,54,25,30,62,330,550
Tahm Kench,Support,Top,640,325,6,1,56,42,32,65,335,175
Taliyah,Mage,Mid,550,470,6,8,58,18,30,62,330,525
Talon,Assassin,Mid,658,377,8,8,68,30,39,62,335,125
Taric,Support,Support,645,300,6,8,55,40,28,62,340,150
Teemo,Marksman,Top,598,334,5,4,54,24,30,69,330,500
Thresh,Support,Support,600,274,7,8,56,28,30,62,330,450
Bel'Veth,Fighter,Jungle,610,0,6,0,60,32,32,85,340,175
Tristana,Marksman,bottom,670,250,4,4,59,26,30,65,325,525
Trundle,Fighter,Top,686,281,6,6,68,37,32,67,350,175
Tryndamere,Fighter,Top,696,100,8,0,72,33,32,67,345,125
Twisted Fate,Mage,Mid,604,333,5,8,52,21,30,65,330,525
Twitch,Marksman,bottom,682,287,3,4,59,27,30,68,330,550
Udyr,Fighter,Jungle,664,271,6,4,62,34,32,65,350,125
Urgot,Fighter,Top,655,340,7,8,63,36,32,62,330,350
Varus,Marksman,bottom,600,360,3,8,62,27,30,66,330,575
Vayne,Marksman,bottom,550,231,3,4,60,23,30,66,330,550
Veigar,Mage,Mid,575,490,6,8,52,21,32,62,340,550
Blitzcrank,Tank,Support,653,267,7,8,62,40,32,62,325,125
Vel'Koz,Mage,Mid,590,469,5,8,55,22,30,62,340,525
Vex,Mage,Mid,590,490,6,8,54,23,28,67,335,550
Vi,Fighter,Jungle,655,295,1,6,63,30,32,64,340,125
Viego,Assassin,Jungle,630,0,7,0,57,34,32,66,345,200
Viktor,Mage,Mid,600,405,8,8,53,23,30,66,335,525
Vladimir,Mage,Mid,607,2,7,0,55,27,30,66,330,450
Volibear,Fighter,Top,650,350,9,5,60,31,32,62,340,150
Warwick,Fighter,Jungle,620,280,4,6,65,33,32,64,335,125
Wukong,Fighter,Top,610,300,3,6,68,31,28,68,340,175
Xayah,Marksman,bottom,660,340,3,7,60,25,30,62,330,525
Brand,Mage,Support,590,469,5,6,57,22,30,62,340,550
Xerath,Mage,Mid,596,459,5,8,55,22,30,62,340,525
Xin Zhao,Fighter,Jungle,640,274,8,4,63,35,32,64,345,175
Yasuo,Fighter,Mid,590,100,6,0,60,30,32,70,345,175
Yone,Assassin,Mid,620,500,7,0,60,28,32,62,345,175
Yorick,Fighter,Top,650,300,8,7,62,39,32,62,340,175
Yuumi,Support,Support,550,400,7,4,55,25,25,62,330,500
Zac,Tank,Jungle,685,0,8,0,60,33,32,74,340,175
Zed,Assassin,Mid,654,200,7,0,63,32,32,65,345,125
Zeri,Marksman,bottom,600,250,3,8,50,20,30,66,325,500
Ziggs,Mage,Mid,606,480,6,8,54,22,30,62,325,550
Braum,Support,Support,610,311,8,8,55,47,32,64,335,125
Zilean,Support,Support,574,452,5,8,52,24,30,62,335,550
Zoe,Mage,Mid,630,425,6,6,58,21,30,62,340,550
Zyra,Mage,Support,574,418,5,4,53,29,30,62,340,575
Caitlyn,Marksman,bottom,580,315,3,5,62,28,30,68,325,650
Camille,Fighter,Top,646,339,8,7,68,35,32,64,340,125
Cassiopeia,Mage,Mid,630,350,5,8,53,18,32,64,328,550
Akali,Assassin,Mid,570,200,9,0,62,23,37,62,345,125
Cho'Gath,Tank,Top,644,270,9,4,69,38,32,62,345,125
Corki,Marksman,Mid,588,350,5,5,55,28,30,63,325,550
Darius,Fighter,Top,652,263,1,3,64,39,32,62,340,175
Diana,Fighter,Jungle,640,375,6,8,57,31,32,62,345,150
Dr. Mundo,Tank,Top,653,0,6,0,61,32,32,72,345,125
Draven,Marksman,bottom,675,360,4,6,62,29,30,67,330,550
Ekko,Assassin,Jungle,655,280,9,8,58,32,32,68,340,125
Elise,Mage,Jungle,650,324,55,8,55,30,30,62,330,550
Evelynn,Assassin,Jungle,642,315,8,6,61,37,321,66,335,125
Ezreal,Marksman,bottom,600,375,4,6,60,24,30,62,325,550
Akshan,Marksman,Mid,630,350,4,7,52,26,30,63,330,500
Fiddlesticks,Mage,Jungle,650,500,55,8,55,34,30,62,335,480
Fiora,Fighter,Top,620,300,8,7,68,33,32,69,345,150
Fizz,Assassin,Mid,640,317,8,8,58,22,32,65,335,175
Galio,Tank,Mid,632,500,8,7,59,24,32,62,335,150
Gangplank,Fighter,Top,600,280,6,7,64,31,32,66,345,125
Garen,Fighter,Top,690,0,8,0,66,36,32,62,340,175
Gnar,Fighter,Top,540,100,4,0,57,32,30,62,335,400
Gragas,Fighter,Jungle,670,400,5,8,64,38,32,67,330,125
Graves,Marksman,Jungle,625,325,8,7,68,33,32,47,340,425
Gwen,Fighter,Top,620,330,8,7,63,39,32,69,340,150
Alistar,Tank,Support,670,350,8,8,62,44,32,62,330,125
Hecarim,Fighter,Jungle,650,277,7,6,66,32,32,67,345,175
Heimerdinger,Mage,Mid,558,385,7,8,56,19,30,62,340,550
Illaoi,Fighter,Top,656,300,9,7,68,35,32,62,350,125
Irelia,Fighter,Top,590,350,8,8,65,36,30,65,335,200
Ivern,Support,Jungle,655,450,7,7,50,27,32,64,330,475
Janna,Support,Support,570,350,5,4,52,28,30,62,325,500
Jarvan IV,Tank,Jungle,640,300,8,4,64,34,32,67,340,175
Jax,Fighter,Top,685,339,8,7,68,36,32,65,350,125
Jayce,Fighter,Top,590,375,6,8,54,22,30,66,335,125
Jhin,Marksman,bottom,655,300,4,8,59,24,30,62,330,550
Amumu,Tank,Jungle,685,285,9,5,53,30,32,74,335,125
Jinx,Marksman,bottom,630,245,4,1,57,26,30,62,325,525
Kai'Sa,Marksman,bottom,670,344,3,4,59,28,30,64,335,525
Kalista,Marksman,bottom,604,300,4,4,66,24,30,69,330,525
Karma,Mage,Support,604,374,5,5,51,28,30,62,335,525
Karthus,Mage,Mid,620,467,6,8,46,21,30,62,335,450
Kassadin,Assassin,Mid,646,400,6,8,59,19,30,64,335,150
Katarina,Assassin,Mid,672,0,7,0,58,28,32,66,335,125
Kayle,Fighter,Top,670,330,5,8,50,26,22,62,335,175
Kayn,Fighter,Jungle,655,410,8,9,68,38,32,67,340,175
Kennen,Mage,Top,611,200,5,0,48,29,30,62,335,550
Anivia,Mage,Mid,550,495,5,8,51,21,30,62,325,600
Kha'Zix,Assassin,Jungle,643,327,7,5,63,36,32,67,350,125
Kindred,Marksman,Jungle,610,300,7,4,65,29,30,62,325,500
Kled,Fighter,Top,410,100,6,0,65,35,28,62,285,250
Kog'Maw,Marksman,bottom,635,325,4,7,61,24,30,66,330,500
LeBlanc,Assassin,Mid,598,400,7,8,55,22,30,62,340,525
Lee Sin,Fighter,Jungle,645,200,7,0,68,36,32,65,345,125
Leona,Tank,Support,646,302,0,8,60,47,32,62,335,125
Lillia,Fighter,Jungle,625,410,2,9,61,22,32,62,330,325
Lissandra,Mage,Mid,620,475,7,4,55,22,30,65,325,550
Annie,Mage,Support,594,418,5,8,50,19,30,57,335,625
Lucian,Marksman,bottom,641,348,4,7,60,28,30,63,335,500
Lulu,Support,Support,595,350,6,6,47,29,30,62,330,550
Lux,Mage,Support,560,480,5,8,54,19,30,67,330,550
Malphite,Tank,Top,644,280,7,5,62,37,28,73,335,125
Malzahar,Mage,Mid,580,375,6,8,55,18,30,62,335,500
Maokai,Tank,Support,635,375,5,6,64,39,32,80,335,125
Master Yi,Assassin,Jungle,669,251,7,4,65,33,32,68,355,175
Miss Fortune,Marksman,bottom,640,300,4,6,52,28,30,66,325,550
Mordekaiser,Fighter,Top,645,0,5,0,61,37,32,62,335,175
Aphelios,Marksman,bottom,580,348,3,4,55,26,30,64,325,550
Morgana,Mage,Support,630,340,5,4,56,25,30,62,335,450
Nami,Support,Support,560,365,5,4,51,29,30,64,335,550
Nasus,Fighter,Top,631,326,9,5,67,34,32,64,350,125
Nautilus,Tank,Support,646,400,8,5,61,39,32,70,325,175
Neeko,Mage,Mid,610,450,7,7,48,21,30,62,340,550
Nidalee,Assassin,Jungle,610,295,6,8,58,28,30,64,335,525
Nilah,Fighter,Bottom,570,350,4,7,58,27,32,70,340,225
Nocturne,Assassin,Jungle,655,275,7,4,62,38,32,72,345,125
Nunu & Willump,Tank,Jungle,610,280,5,5,61,29,32,62,345,125
Olaf,Fighter,Top,645,316,6,6,68,35,32,69,350,125
Ashe,Marksman,bottom,640,280,3,4,59,26,30,65,325,600
Orianna,Mage,Mid,600,418,7,8,40,17,26,65,325,525
Ornn,Tank,Top,660,340,9,6,69,33,32,62,335,175
Pantheon,Fighter,Top,650,317,7,4,64,40,28,64,345,175
Poppy,Tank,Top,610,280,8,7,64,38,32,62,345,125
Pyke,Support,Support,670,415,7,1,62,45,32,66,330,150
Qiyana,Assassin,Mid,590,320,6,7,66,28,32,69,335,150
Quinn,Marksman,Top,603,269,5,4,59,28,30,69,335,525
Rakan,Support,Support,610,315,5,5,62,32,32,63,335,300
Rammus,Tank,Jungle,634,310,8,5,56,36,32,65,335,125
Rek'Sai,Fighter,Jungle,640,100,7,0,64,36,32,66,335,175
